ALTER TABLE  AUTHOR_NEWS DISABLE CONSTRAINT AUNE_NEWS_NEWS_ID;
ALTER TABLE  AUTHOR_NEWS DISABLE CONSTRAINT AUNE_AUTH_AUTHOR_ID;
ALTER TABLE  NEWS_TAGS DISABLE CONSTRAINT NETA_NEWS_NEWS_ID;
ALTER TABLE  NEWS_TAGS DISABLE CONSTRAINT NETA_TAGS_TAG_ID;
ALTER TABLE  COMMENTS DISABLE CONSTRAINT COMM_NEWS_NEWS_ID;

TRUNCATE TABLE AUTHOR_NEWS;
TRUNCATE TABLE NEWS_TAGS;
TRUNCATE TABLE COMMENTS;
TRUNCATE TABLE NEWS;
TRUNCATE TABLE AUTHORS;
TRUNCATE TABLE TAGS;

ALTER TABLE  AUTHOR_NEWS ENABLE CONSTRAINT AUNE_NEWS_NEWS_ID;
ALTER TABLE  AUTHOR_NEWS ENABLE CONSTRAINT AUNE_AUTH_AUTHOR_ID;
ALTER TABLE  NEWS_TAGS ENABLE CONSTRAINT NETA_NEWS_NEWS_ID;
ALTER TABLE  NEWS_TAGS ENABLE CONSTRAINT NETA_TAGS_TAG_ID;
ALTER TABLE  COMMENTS ENABLE CONSTRAINT COMM_NEWS_NEWS_ID;

Insert into AUTHORS (AUTH_ID,AUTH_NAME,AUTH_EXPIRED) values (4,'George Vondracek',null);
Insert into AUTHORS (AUTH_ID,AUTH_NAME,AUTH_EXPIRED) values (5,'Dave Dentinger',null);
Insert into AUTHORS (AUTH_ID,AUTH_NAME,AUTH_EXPIRED) values (6,'Arindam Rej',null);
Insert into AUTHORS (AUTH_ID,AUTH_NAME,AUTH_EXPIRED) values (7,'Dima Podvalnikov',null);
Insert into AUTHORS (AUTH_ID,AUTH_NAME,AUTH_EXPIRED) values (1,'Kate Gould',null);
Insert into AUTHORS (AUTH_ID,AUTH_NAME,AUTH_EXPIRED) values (2,'Gary Neville',null);
Insert into AUTHORS (AUTH_ID,AUTH_NAME,AUTH_EXPIRED) values (3,'Zoran Milosavljevic',null);

Insert into NEWS (NEWS_ID,NEWS_TITLE,NEWS_SHORT_TEXT,NEWS_FULL_TEXT,NEWS_CREATION_DATE,NEWS_MODIFICATION_DATE) values (14,'History happening in two place','The San Antonio Spurs are 50-9, on pace for 69 wins, a number that only one team in NBA ...','The San Antonio Spurs are 50-9, on pace for 69 wins, a number that only one team in NBA history has eclipsed. They''ve outscored their opponents by 13.6 points per 100 possessions, a bigger differential than that of the 1995-96 Chicago Bulls or any other team of the last 40 years. All three teams that have won at least 69 games and eight of the 10 that have won at least 67 have gone on to win the NBA championship. All four teams that have recorded a regular-season NetRtg of better than plus-10.0 have won the title. But in 2015-16, 50-9 is somehow second best, because the Golden State Warriors are something we''ve never seen before. The champs topped themselves again on Saturday, coming back from 11 down with less than five minutes to go in Oklahoma City to beat the Thunder in overtime on Stephen Curry''s ridiculous game-winner. Amazingly, we wouldn''t have gotten there if Kevin Durant didn''t throw the ball away or if Andre Iguodala (9-for-30 on fourth quarter free throws in last year''s playoffs) didn''t hit two freebies with a second to go in regulation. The Spurs got waxed by the Warriors in their only head-to-head meeting a month ago. It''ll be another 20 days before they get them at home (where San Antonio is still undefeated), and there are two more meetings in April. Maybe the champs will knock the Spurs off their win pace, and maybe the Spurs will keep the Warriors from getting 73 wins. At this point, they''re both set to make history, but only one will still be playing in June.',to_timestamp('06-APR-14 09.01.10.000000000 AM','DD-MON-RR HH.MI.SSXFF AM'),to_date('06-APR-14','DD-MON-RR'));
Insert into NEWS (NEWS_ID,NEWS_TITLE,NEWS_SHORT_TEXT,NEWS_FULL_TEXT,NEWS_CREATION_DATE,NEWS_MODIFICATION_DATE) values (15,'Veteran Makes Big Move','And down the stretch they come.','And down the stretch they come.If this was a horse race, the big Spaniard would slowly be pulling away from the field with about 25 games remaining. But there''s still plenty of time for another horse to make a late charge. If that''s going to happen, we''re putting our money on the Miami colt. Or maybe the Memphis Thoroughbred can pull off a stunner.',to_timestamp('06-APR-14 09.01.10.000000000 AM','DD-MON-RR HH.MI.SSXFF AM'),to_date('06-APR-14','DD-MON-RR'));
Insert into NEWS (NEWS_ID,NEWS_TITLE,NEWS_SHORT_TEXT,NEWS_FULL_TEXT,NEWS_CREATION_DATE,NEWS_MODIFICATION_DATE) values (16,'Stars Of Tomorrow: Taylor Frit','The Next Generation teen and his mother talk exclusively to ATPWorldTour.com ...','After the match, I sat in the same spot in the locker room for three hours. I didnâ€™t stretch, I didnâ€™t do anything. I just sat there for three hours thinking about what just happened. I spent so long thinking about that moment and training for it and it was gone in 60 minutes. Walk into the menâ€™s locker room at the US Open and the first thing you will notice is the cacophony of smells. The hairs on the edge of your nostrils salute a mixture of sweat, soaps and salves as the door shuts behind you. But the most pungent aromas of all are the intangible ones. Anxiety, anticipation and opportunity waft through the air, as players seek to live out their dreams and find glory on one of the biggest stages in sport. On the first day of qualifying last year, another vivid fragrance was present as Taylor Fritz sat alone in the corner: A mix of disappointment and desire permeated the air around the American teen. A perpetual stream of players circulated through the locker room as he sat, motionless and numb, replaying over and over what had just transpired on Court 6. The hours passed. A static expression remained affixed to his face.',to_timestamp('06-APR-14 09.01.10.000000000 AM','DD-MON-RR HH.MI.SSXFF AM'),to_date('06-APR-14','DD-MON-RR'));
Insert into NEWS (NEWS_ID,NEWS_TITLE,NEWS_SHORT_TEXT,NEWS_FULL_TEXT,NEWS_CREATION_DATE,NEWS_MODIFICATION_DATE) values (11,'Team Sweden built on skill','Team Sweden''s players left the 2014 Sochi Olympics with silver medals hanging ...','Team Sweden''s players left the 2014 Sochi Olympics with silver medals hanging around their necks and a whole bunch of what-if questions bouncing around in their brains after a 3-0 loss to Canada in the gold-medal game. What if Vancouver Canucks center Henrik Sedin was able to play in the tournament instead of withdrawing because of hand and rib injuries? What if Detroit Red Wings center Henrik Zetterberg didn''t have to withdraw after the first game in Sochi because of a back injury? What if Washington Capitals center Nicklas Backstrom were eligible to play in the gold-medal game against Canada instead of being caught in a doping scandal that wound up being nothing more than a mistake. If you''re going to play against Canada in an Olympic gold-medal game you better have guys healthy, said Sweden coach Rikard Gronborg, who was an assistant on the Swedish staff in 2014. There''s no question the better team won, but it''s one of those things looking back on it, maybe now this is a chance for us to have a healthy team and compete even more.',to_timestamp('06-APR-14 09.01.10.000000000 AM','DD-MON-RR HH.MI.SSXFF AM'),to_date('06-APR-14','DD-MON-RR'));
Insert into NEWS (NEWS_ID,NEWS_TITLE,NEWS_SHORT_TEXT,NEWS_FULL_TEXT,NEWS_CREATION_DATE,NEWS_MODIFICATION_DATE) values (12,'Deadline reaction: Ladd','Perry, Subban not selected for Team Canada','A scope of Doug Armstrongâ€™s stomach on Wednesday may reveal an ulcer or two. Undoubtedly, serving as Team Canadaâ€™s general manager is an honour, but it can also be an enormous headache. Just ask Steve Yzerman. He turned down the opportunity after producing back-to-back gold medals - but not without controversy and strife. On Wednesday, Armstrong was tasked with separating Ryan Getzlaf from linemate and two-time Olympian Corey Perry, as well as leaving off P.K. Subban and his own St. Louis Blues player in Alex Pietrangelo from Team Canadaâ€™s initial roster of 16 players for the 2016 World Cup of Hockey. The NHL player with the most points since the start of the 2011-12 season, Claude Giroux, was also not selected to Team Canadaâ€™s initial roster.',to_timestamp('06-APR-14 09.01.10.000000000 AM','DD-MON-RR HH.MI.SSXFF AM'),to_date('06-APR-14','DD-MON-RR'));
Insert into NEWS (NEWS_ID,NEWS_TITLE,NEWS_SHORT_TEXT,NEWS_FULL_TEXT,NEWS_CREATION_DATE,NEWS_MODIFICATION_DATE) values (13,'REMAINING SCHEDULE BREAKDOWN','HANG TIME NEW JERSEY â€” The Portland Trail Blazers are the hottest ...','HANG TIME NEW JERSEY â€” The Portland Trail Blazers are the hottest team outside of Oakland or San Antonio. The Blazers are 21-8 since Christmas and have won 13 of their last 15 games with the leagueâ€™s fifth-ranked offense and seventh-ranked defense during that stretch. The Blazersâ€™ run has been impressive, and that theyâ€™re even in the mix for a playoff spot is a surprise to almost everyone around the league. Theyâ€™re currently in seventh place in the Western Conference, three games in the loss column ahead of the ninth-place Jazz, against whom they hold the tiebreaker with three wins in their four head-to-head meetings. But itâ€™s fair to say that the Blazers have taken advantage of a soft schedule over the last five-plus weeksâ€¦ Only six of the 15 opponents theyâ€™ve played are currently over .500. Only four of the 15 games were on the road. The stretch included only one back-to-back (in Chicago and Indiana this past weekend), but five of the Blazersâ€™ 15 opponents were playing the second night of a back-to-back. Only four of the games were against top-10 defenses, but eight were against bottom-10 defenses.',to_timestamp('06-APR-14 09.01.10.000000000 AM','DD-MON-RR HH.MI.SSXFF AM'),to_date('06-APR-14','DD-MON-RR'));
Insert into NEWS (NEWS_ID,NEWS_TITLE,NEWS_SHORT_TEXT,NEWS_FULL_TEXT,NEWS_CREATION_DATE,NEWS_MODIFICATION_DATE) values (20,'Rory trials new putting grip','Rory McIlroy has confirmed he will put a new putting technique into play in this...','Rory McIlroy has confirmed he will put a new putting technique into play in this week''s WGC-Cadillac Championship at Doral. McIlroy has been struggling on the greens over the early stages of the year, and his frustration was clearly evident when he missed three putts from inside five feet during the first round of last week''s Honda Classic. The four-time major champion fared little better on day two and missed the halfway cut by a shot, prompting him to implement a new set-up with the short-stick ahead of the first World Golf Championship event of the season. McIlroy has changed to a left-hand below right-hand grip, which he has not used since 2008, and he has vowed to stick with the technique whatever the results at Doral. It''s a drill that I''ve been doing for a while because I feel like my left hand sort of controls my putting stroke and that''s the sort of lead hand for me, said the world No 3. I felt like, over the past few weeks, my right hand was becoming a little bit too dominant.',to_timestamp('06-APR-14 09.01.10.000000000 AM','DD-MON-RR HH.MI.SSXFF AM'),to_date('06-APR-14','DD-MON-RR'));
Insert into NEWS (NEWS_ID,NEWS_TITLE,NEWS_SHORT_TEXT,NEWS_FULL_TEXT,NEWS_CREATION_DATE,NEWS_MODIFICATION_DATE) values (19,'Day seeks Doral improvement','Jason Day admits heâ€™ll have to improve on his past record at Blue Monster...','Jason Day admits heâ€™ll have to improve on his past record at Blue Monster if he is to put any kind of challenge on Jordan Spieth and find a return to form during the WGC-Cadillac Championship. The world No 2 has notoriously struggled around Doral, never previously reaching higher than tied-20th in four visits to Trump National, and found the water several times on his way to a joint-31st finish last time around. Day arrives in Florida off the back of an extended break after finishing in a tie for 11th at last month''s ATT National Pro Am, one of only three appearances the PGA Champion has made on the PGA Tour during a quiet start to 2016.',to_timestamp('06-APR-14 09.01.10.000000000 AM','DD-MON-RR HH.MI.SSXFF AM'),to_date('06-APR-14','DD-MON-RR'));
Insert into NEWS (NEWS_ID,NEWS_TITLE,NEWS_SHORT_TEXT,NEWS_FULL_TEXT,NEWS_CREATION_DATE,NEWS_MODIFICATION_DATE) values (17,'Rory McIlroy makes change','Rory McIlroy has confirmed he will put a new putting technique into play in...','Rory McIlroy has confirmed he will put a new putting technique into play in this week''s WGC-Cadillac Championship at Doral. McIlroy has been struggling on the greens over the early stages of the year, and his frustration was clearly evident when he missed three putts from inside five feet during the first round of last week''s Honda Classic. The four-time major champion fared little better on day two and missed the halfway cut by a shot, prompting him to implement a new set-up with the short-stick ahead of the first World Golf Championship event of the season.',to_timestamp('06-APR-14 09.01.10.000000000 AM','DD-MON-RR HH.MI.SSXFF AM'),to_date('06-APR-14','DD-MON-RR'));
Insert into NEWS (NEWS_ID,NEWS_TITLE,NEWS_SHORT_TEXT,NEWS_FULL_TEXT,NEWS_CREATION_DATE,NEWS_MODIFICATION_DATE) values (18,'Jordan Spieth believe Augusta','Jordan Spieth is not expecting to see another year of record scoring at the...','Jordan Spieth is not expecting to see another year of record scoring at the Masters next month after he paid a visit to Augusta National last week. Spieth took the opportunity to get in some early practice for the first major of the year ahead of this week''s WGC-Cadillac Championship at Doral, where he will play the first two rounds with Jason Day and Rory McIlroy. The world No 1 romped to victory at last year''s Masters as he posted a record-equalling score of 18 under par, although the greens in particular were softer and slower than in previous seasons. Spieth slips into the Green Jacket after his record-equalling Masters win last year Spieth slips into the Green Jacket after his record-equalling Masters win last year But Spieth feels the tournament officials are keen to avoid a repeat performance this year, revealing that the putting surfaces were significantly harder and faster. This is a common trip we normally make before coming down here, Spieth said. It''s the third year in a row now. I also go in December, and I like to get there a couple of times, get on the grounds, and in December, it was very, very special. It was again this time - it''s a different feeling being on the grounds having won that tournament.',to_timestamp('06-APR-14 09.01.10.000000000 AM','DD-MON-RR HH.MI.SSXFF AM'),to_date('06-APR-14','DD-MON-RR'));
Insert into NEWS (NEWS_ID,NEWS_TITLE,NEWS_SHORT_TEXT,NEWS_FULL_TEXT,NEWS_CREATION_DATE,NEWS_MODIFICATION_DATE) values (7,'MU still ''struggling''','MANCHESTER -- Manchester United manager Louis van Gaal said that the club are still struggling ...','MANCHESTER -- Manchester United manager Louis van Gaal said that the club are still struggling through games, despite winning four in a row in all competitions, culminating in Wednesday night''s 1-0 win against Watford at Old Trafford. The league victory against the Hertfordshire club moved Van Gaal''s men level on points with fourth-placed Manchester City, although Manuel Pellegrini''s men have a game in hand. It was the first time that United have won back-to-back league matches since November, while City have lost three in a row. Van Gaal, though, still thinks that these are tough times for United and refused to get carried away by his club''s recent upturn. We are fighting and we are struggling but, in the struggle, we can play fantastic matches, Van Gaal said. We have to go step by step. We have four wins in a row, fantastic, but we have a very small selection of players at the moment. When players are coming back, they are not fit enough. You saw how [Marcos] Rojo is struggling.',to_timestamp('06-APR-14 09.01.10.000000000 AM','DD-MON-RR HH.MI.SSXFF AM'),to_date('06-APR-14','DD-MON-RR'));
Insert into NEWS (NEWS_ID,NEWS_TITLE,NEWS_SHORT_TEXT,NEWS_FULL_TEXT,NEWS_CREATION_DATE,NEWS_MODIFICATION_DATE) values (8,'BATE signs Yury Kendysh','Belarusian midfielder Yury Kendysh signed a contract with BATE on 24 February 2016...','Belarusian midfielder Yury Kendysh signed a contract with BATE on 24 February 2016, after the Yellow-Blues second pre-season training camp in Turkey. Having participated in both of them, he made a favourable impression on the coaching staff of Aliaksandr Yermakovich. The player started footballing at Tractor football school in Minsk where his father Igor was his first coach. After then the youngsters from Tractor were transferred to MTZ-RIPO FC. He made his debut in 2007 at MTZ-RIPO-2 that played in Belarusian Division 3. Yuri spent his next year playing for PMC Postavy, at that time a farm-club of MTZ-RIPO. 2 august 2009 he first appeared in domestic competitions for MTZ-RIPO first team vs FC Granit Mikashevichi (2-2), but his maiden European match came even earlier when he participated in UEFA Europa League qualifier versus Metallurg Donetsk (1-2).',to_timestamp('06-APR-14 09.01.10.000000000 AM','DD-MON-RR HH.MI.SSXFF AM'),to_date('06-APR-14','DD-MON-RR'));
Insert into NEWS (NEWS_ID,NEWS_TITLE,NEWS_SHORT_TEXT,NEWS_FULL_TEXT,NEWS_CREATION_DATE,NEWS_MODIFICATION_DATE) values (9,'Thursday Thoughts','So how many weeks of the season have you been looking ahead? If it is as far â€¦','So how many weeks of the season have you been looking ahead? If it is as far into the future as columnist Giles Smith then youâ€™ll have more questions as answersâ€¦ Suddenly the numbers are starting to look a bit more attractive. First things first: 39 points on the board. Nearly 40, in other words. Forty points, people will always tell you, is the number you need to be sure of survival. And we only require one more point to get there. So, good news. Not that scrapping for survival was ever a serious consideration, of course. Well, not for more than a couple of days, at the lowest ebb. And possibly not even then, actually. But, you knowâ€¦ itâ€™s always nice to be absolutely, definitively sure.',to_timestamp('06-APR-14 09.01.10.000000000 AM','DD-MON-RR HH.MI.SSXFF AM'),to_date('06-APR-14','DD-MON-RR'));
Insert into NEWS (NEWS_ID,NEWS_TITLE,NEWS_SHORT_TEXT,NEWS_FULL_TEXT,NEWS_CREATION_DATE,NEWS_MODIFICATION_DATE) values (10,'PARIS-ROMA ON MARCH 9','Paris saint-Germain''s U19 team will take on their counterparts from AS Roma on March 9...','Paris saint-Germain''s U19 team will take on their counterparts from AS Roma on March 9, 2016 at 16:00 at the Stade Georges LefÃ¨vre in Saint-Germain-En-Laye. A few hours before the senior squad take on Chelsea in London in the Champions League''s last 16, Paris'' U19s will do battle with their counterparts from AS Roma in the UEFA Youth League quarter-finals. Up for grabs: a place in the final tournament to be played at the Stade Colovray in Nyon, Switzerland, on April 15.',to_timestamp('06-APR-14 09.01.10.000000000 AM','DD-MON-RR HH.MI.SSXFF AM'),to_date('06-APR-14','DD-MON-RR'));
Insert into NEWS (NEWS_ID,NEWS_TITLE,NEWS_SHORT_TEXT,NEWS_FULL_TEXT,NEWS_CREATION_DATE,NEWS_MODIFICATION_DATE) values (3,'Red Star keep alive Euroleague','BELGRADE, Feb 26 (Reuters) - Double former champions Barcelona and high-flying...','BELGRADE, Feb 26 (Reuters) - Double former champions Barcelona and high-flying underdogs Red Star Belgrade boosted their hopes of reaching the Euroleague knockout stages after impressive wins on Friday. Barcelona romped to an 82-66 home win over Greeks Olympiakos Piraeus, who have three titles, while Red Star were unfazed by a venue switch in their 91-82 defeat of Anadolu Efes Istanbul. Under pressure to deliver, Barcelona produced their best performance of the season, improving their record to 4-4 as Olympiakos slipped to 3-5. A fired-up Barca outscored Olympiakos 52-28 in the second and third quarter before the visitors salvaged some pride with a late rally. We did a great job today and this is how we need to play for the rest of the season, Barcelona coach Xavi Pasqual told Euroleague television courtside. Red Star, aiming for their first knockout stage berth, had to vacate the cauldron of their Pionir Hall in Belgrade, which is being prepared for next weekend''s Davis Cup tennis tie between Serbia and Kazakhstan.',to_timestamp('06-APR-14 09.01.10.000000000 AM','DD-MON-RR HH.MI.SSXFF AM'),to_date('06-APR-14','DD-MON-RR'));
Insert into NEWS (NEWS_ID,NEWS_TITLE,NEWS_SHORT_TEXT,NEWS_FULL_TEXT,NEWS_CREATION_DATE,NEWS_MODIFICATION_DATE) values (1,'Beckenham golf course','The council wants to bid for lottery cash to develop its biggest park, Beckenham Place Park, and...','The council wants to bid for lottery cash to develop its biggest park, Beckenham Place Park, and to close its public golf course. The consultation focuses on possible future use of the park, ranging from kayaking, mountain biking and even carriage rides to the siteâ€™s Grade II listed mansion house. Councillors agreed to apply to the Heritage Lottery Fund (HLF) for a grant of Â£4.9million at a meeting last Wednesday. They agreed that if the bid is successful, it would close the golf course by the end of the year to make way for the redevelopment.',to_timestamp('06-APR-14 09.01.10.000000000 AM','DD-MON-RR HH.MI.SSXFF AM'),to_date('06-APR-14','DD-MON-RR'));
Insert into NEWS (NEWS_ID,NEWS_TITLE,NEWS_SHORT_TEXT,NEWS_FULL_TEXT,NEWS_CREATION_DATE,NEWS_MODIFICATION_DATE) values (2,'Lionel Messi reached 30-goal','Sixth-placed Sevilla, the last team to beat Barca back in early October, led when Vitolo volleyed..','Sixth-placed Sevilla, the last team to beat Barca back in early October, led when Vitolo volleyed in a left-wing cross at the far post. Messi''s sublime 20-yard free-kick levelled before he teed up Gerard Pique to sidefoot in the close-range winner. Barca, who have not lost in 34 games, are now eight points clear in La Liga. The Catalan side''s fightback at the Nou Camp means they have equalled the longest unbeaten run of a La Liga team in all competitions, levelling Real Madrid''s run in the 1988-89 season. But more concerning for the Bernabeu club is the huge gap that has opened up between them and their arch-rivals Barca. Zinedine Zidane''s third-placed side are 12 points adrift of the leaders following Saturday''s home derby defeat by Atletico Madrid. Second-placed Atletico won 1-0 at the Bernabeu to remain Barca''s nearest challengers.',to_timestamp('06-APR-14 09.01.10.000000000 AM','DD-MON-RR HH.MI.SSXFF AM'),to_date('06-APR-14','DD-MON-RR'));
Insert into NEWS (NEWS_ID,NEWS_TITLE,NEWS_SHORT_TEXT,NEWS_FULL_TEXT,NEWS_CREATION_DATE,NEWS_MODIFICATION_DATE) values (4,'London girls testing waters','The London girls basketball team is charting new seas in just the ...','The London girls basketball team is charting new seas in just the fourth season of the school''s affiliation with the University Interscholastic League. But the new kids on the block aren''t acting like newbies. The Pirates aren''t blanching at the daunting task that awaits them as they make their initial sojourn to a regional basketball tournament. In a way you''re playing schools that have established traditions at this point, second-year coach Jimmy Canchola said. That''s one thing that I''ve talked to our kids about, is that this is our identity. We''re living in the moment.     We''re the new kids on the block. It''s important for us to understand that we''ve got to be calm, Canchola said. You''ve got to play well under pressure and be relaxed just because it''s a new environment for this group of kids.     Calm, relaxed, talented and confident. That seems to best describe the Pirates, who zipped to the District 31-2A championship with an unblemished 14-0 record, unseating longtime power Port Aransas in the process.',to_timestamp('06-APR-14 09.01.10.000000000 AM','DD-MON-RR HH.MI.SSXFF AM'),to_date('06-APR-14','DD-MON-RR'));
Insert into NEWS (NEWS_ID,NEWS_TITLE,NEWS_SHORT_TEXT,NEWS_FULL_TEXT,NEWS_CREATION_DATE,NEWS_MODIFICATION_DATE) values (5,'Charity Tennis Event Returns','Alert the masses: The Desertâ€™s favorite charity tennis event is back! ...','Held at the world famousWestin Mission Hills Golf Resort Spa, the event exclusively benefits St. Jude Childrenâ€™s Research Hospital.  St. Jude Childrenâ€™s Research Hospital is leading the way the world understands, treats and defeats childhood cancer and other life-threatening diseases. Taking place on Tuesday, March 8th 2016, the Desert Smash kicks off this year with two fun playing opportunities, the first, hosted by WTA Superstar and former World #1 Victoria Azarenka, being the ultra-exclusive, VIP â€œUltimate Pro-Am Experience Package; where participants will get the chance to play with two-time Grand Slam singles championâ€� The other, the club favorite competitive on-court workout, the â€œLive Ball Challenge!â€�, made famous and invented right here in Southern California.  Following these fun personal, interactive experiences, the fan favorite, Pro-Tennis Celebrity Exhibition will commence at 3:00PM on the Westin Mission Hillsâ€™ Stadium Court.',to_timestamp('06-APR-14 09.01.10.000000000 AM','DD-MON-RR HH.MI.SSXFF AM'),to_date('06-APR-14','DD-MON-RR'));
Insert into NEWS (NEWS_ID,NEWS_TITLE,NEWS_SHORT_TEXT,NEWS_FULL_TEXT,NEWS_CREATION_DATE,NEWS_MODIFICATION_DATE) values (6,'Charity Hockey Game','A St. Patrickâ€™s high school charity hockey game between the boys hockey team ...','A St. Patrickâ€™s high school charity hockey game between the boys hockey team and teachers exceeded the wildest expectations of organizers. Blake Morrison says over 500 people attended the event at Clearwater Arena February 19 in support of Taylor Scott, a Grade 10 student battling cancer. Morrison said Wednesday that over $5,000 had been raised with donations still coming in to the school. Proceeds are going to Ronald McDonald House.',to_timestamp('06-APR-14 09.01.10.000000000 AM','DD-MON-RR HH.MI.SSXFF AM'),to_date('06-APR-14','DD-MON-RR'));

Insert into COMMENTS (COMM_ID,COMM_NEWS_ID,COMM_TEXT,COMM_CREATION_DATE) values (3,2,'I can''t believe in this',to_timestamp('06-APR-15 09.01.10.000000000 AM','DD-MON-RR HH.MI.SSXFF AM'));
Insert into COMMENTS (COMM_ID,COMM_NEWS_ID,COMM_TEXT,COMM_CREATION_DATE) values (4,3,'lol',to_timestamp('06-APR-15 09.01.10.000000000 AM','DD-MON-RR HH.MI.SSXFF AM'));
Insert into COMMENTS (COMM_ID,COMM_NEWS_ID,COMM_TEXT,COMM_CREATION_DATE) values (5,1,'awesome',to_timestamp('06-APR-15 09.01.10.000000000 AM','DD-MON-RR HH.MI.SSXFF AM'));
Insert into COMMENTS (COMM_ID,COMM_NEWS_ID,COMM_TEXT,COMM_CREATION_DATE) values (6,2,'like it',to_timestamp('06-APR-15 09.01.10.000000000 AM','DD-MON-RR HH.MI.SSXFF AM'));
Insert into COMMENTS (COMM_ID,COMM_NEWS_ID,COMM_TEXT,COMM_CREATION_DATE) values (7,1,'nice',to_timestamp('06-APR-15 09.01.10.000000000 AM','DD-MON-RR HH.MI.SSXFF AM'));
Insert into COMMENTS (COMM_ID,COMM_NEWS_ID,COMM_TEXT,COMM_CREATION_DATE) values (8,2,'f*cking awesome',to_timestamp('06-APR-15 09.01.10.000000000 AM','DD-MON-RR HH.MI.SSXFF AM'));
Insert into COMMENTS (COMM_ID,COMM_NEWS_ID,COMM_TEXT,COMM_CREATION_DATE) values (9,1,'sdflkjsdlkjflksdjf',to_timestamp('06-APR-15 09.01.10.000000000 AM','DD-MON-RR HH.MI.SSXFF AM'));
Insert into COMMENTS (COMM_ID,COMM_NEWS_ID,COMM_TEXT,COMM_CREATION_DATE) values (10,1,'the best news',to_timestamp('06-APR-15 09.01.10.000000000 AM','DD-MON-RR HH.MI.SSXFF AM'));
Insert into COMMENTS (COMM_ID,COMM_NEWS_ID,COMM_TEXT,COMM_CREATION_DATE) values (11,1,'This is the start of ending',to_timestamp('06-APR-15 09.01.10.000000000 AM','DD-MON-RR HH.MI.SSXFF AM'));
Insert into COMMENTS (COMM_ID,COMM_NEWS_ID,COMM_TEXT,COMM_CREATION_DATE) values (12,4,'I hate this portal',to_timestamp('06-APR-15 09.01.10.000000000 AM','DD-MON-RR HH.MI.SSXFF AM'));
Insert into COMMENTS (COMM_ID,COMM_NEWS_ID,COMM_TEXT,COMM_CREATION_DATE) values (13,5,'You have a mistake in article',to_timestamp('06-APR-15 09.01.10.000000000 AM','DD-MON-RR HH.MI.SSXFF AM'));
Insert into COMMENTS (COMM_ID,COMM_NEWS_ID,COMM_TEXT,COMM_CREATION_DATE) values (14,6,'wow',to_timestamp('06-APR-15 09.01.10.000000000 AM','DD-MON-RR HH.MI.SSXFF AM'));
Insert into COMMENTS (COMM_ID,COMM_NEWS_ID,COMM_TEXT,COMM_CREATION_DATE) values (15,7,'=)',to_timestamp('06-APR-15 09.01.10.000000000 AM','DD-MON-RR HH.MI.SSXFF AM'));
Insert into COMMENTS (COMM_ID,COMM_NEWS_ID,COMM_TEXT,COMM_CREATION_DATE) values (16,8,'Congrats !!!!',to_timestamp('06-APR-15 09.01.10.000000000 AM','DD-MON-RR HH.MI.SSXFF AM'));
Insert into COMMENTS (COMM_ID,COMM_NEWS_ID,COMM_TEXT,COMM_CREATION_DATE) values (17,9,'Visit this resource ----> vk.com',to_timestamp('06-APR-15 09.01.10.000000000 AM','DD-MON-RR HH.MI.SSXFF AM'));
Insert into COMMENTS (COMM_ID,COMM_NEWS_ID,COMM_TEXT,COMM_CREATION_DATE) values (18,9,'awesome',to_timestamp('06-APR-15 09.01.10.000000000 AM','DD-MON-RR HH.MI.SSXFF AM'));
Insert into COMMENTS (COMM_ID,COMM_NEWS_ID,COMM_TEXT,COMM_CREATION_DATE) values (19,10,'wow',to_timestamp('06-APR-15 09.01.10.000000000 AM','DD-MON-RR HH.MI.SSXFF AM'));
Insert into COMMENTS (COMM_ID,COMM_NEWS_ID,COMM_TEXT,COMM_CREATION_DATE) values (20,9,'nice',to_timestamp('06-APR-15 09.01.10.000000000 AM','DD-MON-RR HH.MI.SSXFF AM'));
Insert into COMMENTS (COMM_ID,COMM_NEWS_ID,COMM_TEXT,COMM_CREATION_DATE) values (21,11,'This news is amazing',to_timestamp('06-APR-15 09.01.10.000000000 AM','DD-MON-RR HH.MI.SSXFF AM'));
Insert into COMMENTS (COMM_ID,COMM_NEWS_ID,COMM_TEXT,COMM_CREATION_DATE) values (22,13,'lol',to_timestamp('06-APR-15 09.01.10.000000000 AM','DD-MON-RR HH.MI.SSXFF AM'));
Insert into COMMENTS (COMM_ID,COMM_NEWS_ID,COMM_TEXT,COMM_CREATION_DATE) values (23,14,'wow',to_timestamp('06-APR-15 09.01.10.000000000 AM','DD-MON-RR HH.MI.SSXFF AM'));
Insert into COMMENTS (COMM_ID,COMM_NEWS_ID,COMM_TEXT,COMM_CREATION_DATE) values (24,15,'I love it!!!',to_timestamp('06-APR-15 09.01.10.000000000 AM','DD-MON-RR HH.MI.SSXFF AM'));
Insert into COMMENTS (COMM_ID,COMM_NEWS_ID,COMM_TEXT,COMM_CREATION_DATE) values (1,1,'wow!',to_timestamp('06-APR-15 09.01.10.000000000 AM','DD-MON-RR HH.MI.SSXFF AM'));
Insert into COMMENTS (COMM_ID,COMM_NEWS_ID,COMM_TEXT,COMM_CREATION_DATE) values (2,2,'omg',to_timestamp('06-APR-15 09.01.10.000000000 AM','DD-MON-RR HH.MI.SSXFF AM'));

Insert into TAGS (TAGS_ID,TAGS_NAME) values (1,'golf');
Insert into TAGS (TAGS_ID,TAGS_NAME) values (2,'football');
Insert into TAGS (TAGS_ID,TAGS_NAME) values (3,'updated');
Insert into TAGS (TAGS_ID,TAGS_NAME) values (4,'tennis');
Insert into TAGS (TAGS_ID,TAGS_NAME) values (5,'hockey');
Insert into TAGS (TAGS_ID,TAGS_NAME) values (6,'london');
Insert into TAGS (TAGS_ID,TAGS_NAME) values (7,'paris');
Insert into TAGS (TAGS_ID,TAGS_NAME) values (8,'barcelona');
Insert into TAGS (TAGS_ID,TAGS_NAME) values (9,'charity');
Insert into TAGS (TAGS_ID,TAGS_NAME) values (10,'competition');
Insert into TAGS (TAGS_ID,TAGS_NAME) values (11,'nhl');
Insert into TAGS (TAGS_ID,TAGS_NAME) values (12,'canada');
Insert into TAGS (TAGS_ID,TAGS_NAME) values (13,'nba');

Insert into AUTHOR_NEWS (AUNE_NEWS_ID,AUNE_AUTHOR_ID) values (4,4);
Insert into AUTHOR_NEWS (AUNE_NEWS_ID,AUNE_AUTHOR_ID) values (5,5);
Insert into AUTHOR_NEWS (AUNE_NEWS_ID,AUNE_AUTHOR_ID) values (6,6);
Insert into AUTHOR_NEWS (AUNE_NEWS_ID,AUNE_AUTHOR_ID) values (7,6);
Insert into AUTHOR_NEWS (AUNE_NEWS_ID,AUNE_AUTHOR_ID) values (8,6);
Insert into AUTHOR_NEWS (AUNE_NEWS_ID,AUNE_AUTHOR_ID) values (9,2);
Insert into AUTHOR_NEWS (AUNE_NEWS_ID,AUNE_AUTHOR_ID) values (10,2);
Insert into AUTHOR_NEWS (AUNE_NEWS_ID,AUNE_AUTHOR_ID) values (11,2);
Insert into AUTHOR_NEWS (AUNE_NEWS_ID,AUNE_AUTHOR_ID) values (12,2);
Insert into AUTHOR_NEWS (AUNE_NEWS_ID,AUNE_AUTHOR_ID) values (13,7);
Insert into AUTHOR_NEWS (AUNE_NEWS_ID,AUNE_AUTHOR_ID) values (14,7);
Insert into AUTHOR_NEWS (AUNE_NEWS_ID,AUNE_AUTHOR_ID) values (15,7);
Insert into AUTHOR_NEWS (AUNE_NEWS_ID,AUNE_AUTHOR_ID) values (16,6);
Insert into AUTHOR_NEWS (AUNE_NEWS_ID,AUNE_AUTHOR_ID) values (17,1);
Insert into AUTHOR_NEWS (AUNE_NEWS_ID,AUNE_AUTHOR_ID) values (18,2);
Insert into AUTHOR_NEWS (AUNE_NEWS_ID,AUNE_AUTHOR_ID) values (19,3);
Insert into AUTHOR_NEWS (AUNE_NEWS_ID,AUNE_AUTHOR_ID) values (20,1);
Insert into AUTHOR_NEWS (AUNE_NEWS_ID,AUNE_AUTHOR_ID) values (1,1);
Insert into AUTHOR_NEWS (AUNE_NEWS_ID,AUNE_AUTHOR_ID) values (2,2);
Insert into AUTHOR_NEWS (AUNE_NEWS_ID,AUNE_AUTHOR_ID) values (3,3);

Insert into NEWS_TAGS (NETA_NEWS_ID,NETA_TAG_ID) values (2,2);
Insert into NEWS_TAGS (NETA_NEWS_ID,NETA_TAG_ID) values (2,8);
Insert into NEWS_TAGS (NETA_NEWS_ID,NETA_TAG_ID) values (3,3);
Insert into NEWS_TAGS (NETA_NEWS_ID,NETA_TAG_ID) values (3,8);
Insert into NEWS_TAGS (NETA_NEWS_ID,NETA_TAG_ID) values (4,3);
Insert into NEWS_TAGS (NETA_NEWS_ID,NETA_TAG_ID) values (4,6);
Insert into NEWS_TAGS (NETA_NEWS_ID,NETA_TAG_ID) values (5,4);
Insert into NEWS_TAGS (NETA_NEWS_ID,NETA_TAG_ID) values (5,9);
Insert into NEWS_TAGS (NETA_NEWS_ID,NETA_TAG_ID) values (6,5);
Insert into NEWS_TAGS (NETA_NEWS_ID,NETA_TAG_ID) values (6,9);
Insert into NEWS_TAGS (NETA_NEWS_ID,NETA_TAG_ID) values (7,2);
Insert into NEWS_TAGS (NETA_NEWS_ID,NETA_TAG_ID) values (8,2);
Insert into NEWS_TAGS (NETA_NEWS_ID,NETA_TAG_ID) values (9,2);
Insert into NEWS_TAGS (NETA_NEWS_ID,NETA_TAG_ID) values (10,2);
Insert into NEWS_TAGS (NETA_NEWS_ID,NETA_TAG_ID) values (11,5);
Insert into NEWS_TAGS (NETA_NEWS_ID,NETA_TAG_ID) values (12,5);
Insert into NEWS_TAGS (NETA_NEWS_ID,NETA_TAG_ID) values (12,11);
Insert into NEWS_TAGS (NETA_NEWS_ID,NETA_TAG_ID) values (12,12);
Insert into NEWS_TAGS (NETA_NEWS_ID,NETA_TAG_ID) values (13,3);
Insert into NEWS_TAGS (NETA_NEWS_ID,NETA_TAG_ID) values (13,13);
Insert into NEWS_TAGS (NETA_NEWS_ID,NETA_TAG_ID) values (14,3);
Insert into NEWS_TAGS (NETA_NEWS_ID,NETA_TAG_ID) values (14,13);
Insert into NEWS_TAGS (NETA_NEWS_ID,NETA_TAG_ID) values (15,3);
Insert into NEWS_TAGS (NETA_NEWS_ID,NETA_TAG_ID) values (15,13);
Insert into NEWS_TAGS (NETA_NEWS_ID,NETA_TAG_ID) values (16,4);
Insert into NEWS_TAGS (NETA_NEWS_ID,NETA_TAG_ID) values (17,4);
Insert into NEWS_TAGS (NETA_NEWS_ID,NETA_TAG_ID) values (18,4);
Insert into NEWS_TAGS (NETA_NEWS_ID,NETA_TAG_ID) values (19,4);
Insert into NEWS_TAGS (NETA_NEWS_ID,NETA_TAG_ID) values (20,4);
Insert into NEWS_TAGS (NETA_NEWS_ID,NETA_TAG_ID) values (1,1);
Insert into NEWS_TAGS (NETA_NEWS_ID,NETA_TAG_ID) values (1,6);